alert_flag,rows,char_mean,char_median,char_min,char_max,char_p25,char_p75,word_mean,word_median,word_min,word_max,word_p25,word_p75
0,757,466.73579920739763,447.0,65,1125,348.0,564.0,60.9775429326288,59.0,8,143,46.0,75.0
1,78,426.4871794871795,385.0,63,837,271.5,584.25,55.37179487179487,52.5,10,120,35.25,75.0
