metric,value
count,835.0
mean,10.10179640718563
std,27.554531659864434
min,0.0
25%,0.0
50%,0.0
75%,0.0
max,100.0
